{"cameraMode":{"drawMode":0,"name":"Shaded","section":"Shading Mode"},"sceneLighting":false,"audioPlay":false,"sceneViewState":{"m_AlwaysRefresh":false,"showFog":true,"showSkybox":false,"showFlares":true,"showImageEffects":true,"showParticleSystems":true,"showVisualEffectGraphs":true,"m_FxEnabled":true},"in2DMode":false,"pivot":{"x":688.0491943359375,"y":489.6238708496094,"z":-6.732707500457764},"rotation":{"x":0.12150505930185318,"y":0.006261715665459633,"z":-0.0007667943136766553,"w":0.9925613403320313},"size":3.701418876647949,"orthographic":false}